<?xml version="1.0" encoding="UTF-8"?>
<project-private xmlns="http://www.netbeans.org/ns/project-private/1">
    <editor-bookmarks xmlns="http://www.netbeans.org/ns/editor-bookmarks/1"/>
    <editor-bookmarks xmlns="http://www.netbeans.org/ns/editor-bookmarks/2" lastBookmarkId="0"/>
    <open-files xmlns="http://www.netbeans.org/ns/projectui-open-files/2">
        <group>
            <file>file:/C:/Users/donna/Documents/+Classes%20(some)/1110%20(some)/+%20%2011%20%20LECTURES%20Fall%202016/03%20Tues%20Sept%2013/PayrollDialog/src/PayrollDialog.java</file>
        </group>
    </open-files>
</project-private>
